epoch,time,train/box_loss,train/cls_loss,train/dfl_loss,metrics/precision(B),metrics/recall(B),metrics/mAP50(B),metrics/mAP50-95(B),val/box_loss,val/cls_loss,val/dfl_loss,lr/pg0,lr/pg1,lr/pg2
1,55.2443,1.57649,4.74603,1.21076,0,0,0,0,0,153.649,0,0.000615385,0.000615385,0.000615385
2,109.427,1.66873,3.67775,1.2411,0,0,0,0,0,150.224,0,0.00125667,0.00125667,0.00125667
3,163.854,1.79194,3.42447,1.35749,0,0,0,0,0,140.472,0,0.00187155,0.00187155,0.00187155
4,218.354,1.72492,3.28918,1.32543,0,0,0,0,0,122.135,0,0.0018812,0.0018812,0.0018812
5,273.249,1.71941,3.44526,1.27468,0,0,0,0,0,117.674,0,0.0018416,0.0018416,0.0018416
6,327.527,1.66218,2.68844,1.2892,0,0,0,0,0,91.6091,0,0.001802,0.001802,0.001802
7,382,1.63595,2.44643,1.30757,0,0,0,0,0,70.0408,0,0.0017624,0.0017624,0.0017624
8,436.505,1.68181,2.4351,1.35592,0,0,0,0,0,76.2045,0,0.0017228,0.0017228,0.0017228
9,491.551,1.5548,2.21308,1.22506,0,0,0,0,0,84.6683,0,0.0016832,0.0016832,0.0016832
10,547.966,1.59315,2.0993,1.28558,0,0,0,0,0,100.446,0,0.0016436,0.0016436,0.0016436
11,602.321,1.68472,2.1008,1.28428,0,0,0,0,0,134.747,0,0.001604,0.001604,0.001604
12,657.694,1.65043,2.323,1.28095,0,0,0,0,0,92.8738,0,0.0015644,0.0015644,0.0015644
13,713.741,1.57236,1.89303,1.34291,0,0,0,0,0,100.501,0,0.0015248,0.0015248,0.0015248
14,769.002,1.57308,1.7726,1.26169,0,0,0,0,0,93.1646,0,0.0014852,0.0014852,0.0014852
15,823.482,1.49136,1.5616,1.25669,0,0,0,0,0,83.5149,0,0.0014456,0.0014456,0.0014456
16,877.875,1.4854,1.57238,1.21514,0,0,0,0,0,60.7217,0,0.001406,0.001406,0.001406
17,931.847,1.43214,1.45335,1.1718,0,0,0,0,0,84.4929,0,0.0013664,0.0013664,0.0013664
18,985.693,1.46467,1.38673,1.14888,0,0,0,0,0,60.0589,0,0.0013268,0.0013268,0.0013268
19,1039.82,1.48496,1.32424,1.17169,0,0,0,0,0,54.8896,0,0.0012872,0.0012872,0.0012872
20,1093.84,1.44544,1.3373,1.19967,0,0,0,0,0,52.8437,0,0.0012476,0.0012476,0.0012476
21,1148.22,1.48816,1.4692,1.19516,0,0,0,0,0,68.1255,0,0.001208,0.001208,0.001208
22,1202.35,1.39037,1.17335,1.19034,0,0,0,0,0,66.2275,0,0.0011684,0.0011684,0.0011684
23,1258.26,1.42602,1.20491,1.18375,0,0,0,0,0,58.5442,0,0.0011288,0.0011288,0.0011288
24,1312.06,1.41443,1.16342,1.1786,0,0,0,0,0,76.0794,0,0.0010892,0.0010892,0.0010892
25,1365.84,1.39228,1.18082,1.16604,0,0,0,0,0,48.6998,0,0.0010496,0.0010496,0.0010496
26,1420.44,1.37249,1.06672,1.11342,0,0,0,0,0,53.4021,0,0.00101,0.00101,0.00101
27,1474.91,1.41517,1.08093,1.18393,0,0,0,0,0,34.3694,0,0.0009704,0.0009704,0.0009704
28,1528.4,1.3568,1.00582,1.12809,0,0,0,0,0,44.0564,0,0.0009308,0.0009308,0.0009308
